Code;PG_class;STYLE;LOD;Layer;OSM_Tags;Description;Enabled;Icon
0;NO_CLASS;NO_STYLE;2;roads;;Не отображается;0;
1;ROAD_MAJOR;DARK_GRAY_THICK_LINE;2;roads;highway=motorway;Автомагистраль;1;
1;ROAD_MAJOR;DARK_GRAY_THICK_LINE;2;roads;highway=trunk;Магистраль;1;
2;ROAD_NORMAL;DARK_GRAY_SEMITHICK_LINE;2;roads;highway=primary;Главная дорога;1;
2;ROAD_NORMAL;DARK_GRAY_SEMITHICK_LINE;2;roads;highway=secondary;Второстепенная дорога;1;
2;ROAD_NORMAL;DARK_GRAY_SEMITHICK_LINE;1;roads;highway=tertiary;Местная дорога;1;
3;ROAD_MINOR;DARK_GRAY_LINE;1;roads;highway=unclassified;Дорога неизвестная;1;
3;ROAD_MINOR;DARK_GRAY_LINE;1;roads;highway=residential;Жилая улица;1;
3;ROAD_MINOR;DARK_GRAY_LINE;1;roads;highway=living_street;Жилая зона;1;
6;ROAD_PATH;DARK_GRAY_DOTTED_LINE;0;roads;highway=pedestrian;Пешеходная зона;1;
3;ROAD_MINOR;DARK_GRAY_LINE;0;roads;highway=busway;Автобусная полоса;1;
4;ROAD_NORMAL;DARK_GRAY_SEMITHICK_LINE;2;roads;highway=motorway_link;Съезд с автомагистрали;1;
4;ROAD_NORMAL;DARK_GRAY_SEMITHICK_LINE;2;roads;highway=trunk_link;Съезд с магистрали;1;
4;ROAD_NORMAL;DARK_GRAY_SEMITHICK_LINE;2;roads;highway=primary_link;Съезд с главной дороги;1;
4;ROAD_NORMAL;DARK_GRAY_SEMITHICK_LINE;2;roads;highway=secondary_link;Съезд со второст. дороги;1;
4;ROAD_NORMAL;DARK_GRAY_SEMITHICK_LINE;1;roads;highway=tertiary_link;Съезд с местной дороги;1;
3;ROAD_MINOR;DARK_GRAY_LINE;1;roads;highway=service;Служебный проезд;1;
5;ROAD_UNPAVED;DARK_GRAY_DASHED_LINE;1;roads;highway=track;Грунтовая дорога;1;
4;ROAD_MINOR;DARK_GRAY_LINE;1;roads;tracktype=grade1;Грунтовка (1 класс);1;
5;ROAD_UNPAVED;DARK_GRAY_DASHED_LINE;1;roads;tracktype=grade2;Грунтовка (2 класс);1;
5;ROAD_UNPAVED;DARK_GRAY_DASHED_LINE;1;roads;tracktype=grade3;Грунтовка (3 класс);1;
5;ROAD_UNPAVED;DARK_GRAY_DASHED_LINE;0;roads;tracktype=grade4;Грунтовка (4 класс);1;
5;ROAD_UNPAVED;DARK_GRAY_DASHED_LINE;0;roads;tracktype=grade5;Грунтовка (5 класс);1;
6;ROAD_PATH;DARK_GRAY_DOTTED_LINE;0;roads;highway=bridleway;Конная тропа;1;
6;ROAD_PATH;DARK_GRAY_DOTTED_LINE;0;roads;highway=cycleway;Велодорожка;1;
6;ROAD_PATH;DARK_GRAY_DOTTED_LINE;0;roads;highway=footway;Пешеходная дорожка;1;
6;ROAD_PATH;DARK_GRAY_DOTTED_LINE;0;roads;highway=path;Тропинка;1;
6;ROAD_PATH;DARK_GRAY_DOTTED_LINE;0;roads;highway=steps;Ступени;0;
4;ROAD_MINOR;DARK_GRAY_LINE;1;roads;highway=road;Неизвестная дорога;1;
7;RAILWAY;RAILWAY_LINE;2;roads;railway=rail;Железная дорога;1;
7;RAILWAY;RAILWAY_LINE;1;roads;railway=construction;Железная дорога;1;
7;RAILWAY;RAILWAY_LINE;1;roads;railway=disused;Железная дорога;1;
7;RAILWAY;RAILWAY_LINE;1;roads;railway=funicular;Железная дорога;1;
7;RAILWAY;RAILWAY_LINE;1;roads;railway=light_rail;Железная дорога;1;
7;RAILWAY;RAILWAY_LINE;0;roads;railway=miniature;Железная дорога;1;
7;RAILWAY;RAILWAY_LINE;2;roads;railway=monorail;Железная дорога;1;
7;RAILWAY;RAILWAY_LINE;1;roads;railway=narrow_gauge;Железная дорога;1;
8;LANDUSE_NATURAL;LIGHT_GRAY_FILL;1;landuse;landuse=forest;Лес;1;
8;LANDUSE_NATURAL;LIGHT_GRAY_FILL;1;landuse;natural=wood;Густой лес;1;
8;LANDUSE_NATURAL;LIGHT_GRAY_FILL;1;landuse;leisure=park;Парк;1;
8;LANDUSE_NATURAL;LIGHT_GRAY_FILL;1;landuse;leisure=common;Общественная территория;1;
9;LANDUSE_HUMAN;LIGHT_GRAY_FILL;1;landuse;landuse=residential;Жилая зона;1;
9;LANDUSE_HUMAN;LIGHT_GRAY_FILL;1;landuse;landuse=industrial;Промзона;1;
9;LANDUSE_HUMAN;LIGHT_GRAY_FILL;1;landuse;landuse=cemetery;Кладбище;1;
9;LANDUSE_HUMAN;LIGHT_GRAY_FILL;1;landuse;landuse=allotments;Дачи;1;
9;LANDUSE_HUMAN;LIGHT_GRAY_FILL;1;landuse;landuse=meadow;Луг;0;
9;LANDUSE_HUMAN;LIGHT_GRAY_FILL;1;landuse;landuse=commercial;Коммерческая зона;1;
9;LANDUSE_HUMAN;LIGHT_GRAY_FILL;1;landuse;leisure=nature_reserve;Заповедник;1;
9;LANDUSE_HUMAN;LIGHT_GRAY_FILL;1;landuse;landuse=recreation_ground;Зона отдыха;1;
9;LANDUSE_HUMAN;LIGHT_GRAY_FILL;1;landuse;landuse=retail;Торговая зона;1;
9;LANDUSE_HUMAN;LIGHT_GRAY_FILL;1;landuse;landuse=military;Военный объект;1;
9;LANDUSE_HUMAN;LIGHT_GRAY_FILL;1;landuse;landuse=quarry;Карьер;1;
9;LANDUSE_HUMAN;LIGHT_GRAY_FILL;1;landuse;landuse=orchard;Фруктовый сад;1;
9;LANDUSE_HUMAN;LIGHT_GRAY_FILL;1;landuse;landuse=vineyard;Виноградник;1;
9;LANDUSE_HUMAN;LIGHT_GRAY_FILL;1;landuse;landuse=scrub;Кустарник;1;
9;LANDUSE_HUMAN;LIGHT_GRAY_FILL;1;landuse;landuse=grass;Трава;0;
9;LANDUSE_HUMAN;LIGHT_GRAY_FILL;1;landuse;natural=heath;Пустошь;0;
9;LANDUSE_HUMAN;LIGHT_GRAY_FILL;1;landuse;landuse=farmland;Фермерские угодья;0;
9;LANDUSE_HUMAN;LIGHT_GRAY_FILL;1;landuse;landuse=farmyard;Скотный двор;1;
9;LANDUSE_HUMAN;LIGHT_GRAY_FILL;1;landuse;landuse=landfill;Свалка;1;
10;WATER;DARK_GRAY_FILL;1;water;natural=water;Водоем;1;
10;WATER;DARK_GRAY_FILL;1;water;landuse=reservoir;Водохранилище;1;
10;WATER;DARK_GRAY_FILL;1;water;waterway=riverbank;Берег реки;1;
10;WATER;DARK_GRAY_FILL;1;water;water=river;Река;1;
10;WATER;DARK_GRAY_FILL;1;water;waterway=dock;Док;1;
10;WATER;DARK_GRAY_FILL;1;water;natural=glacier;Ледник;1;
10;WATER;DARK_GRAY_FILL;1;water;natural=wetland;Болото;1;
11;POI_BIG;DARK_GRAY_BIG_CIRCLE;2;pois;place=city, capital=yes;Столица;1;большой круг
11;POI_BIG;DARK_GRAY_BIG_CIRCLE;2;pois;place=city;Город;1;большой круг
11;POI_BIG;DARK_GRAY_BIG_CIRCLE;2;pois;place=town;Городок;1;большой круг
11;POI_BIG;DARK_GRAY_CIRCLE;1;pois;place=village;Деревня;1;большой круг
11;POI_BIG;DARK_GRAY_CIRCLE;1;pois;place=hamlet;Хутор;1;большой круг
11;POI_BIG;DARK_GRAY_BIG_CIRCLE;1;pois;place=suburb;Пригород;0;большой круг
11;POI_BIG;DARK_GRAY_BIG_CIRCLE;1;pois;place=island;Остров;0;большой круг
12;POI_SMALL;DARK_GRAY_CIRCLE;0;pois;place=farm;Ферма;0;маленький круг
12;POI_SMALL;DARK_GRAY_CIRCLE;0;pois;place=isolated_dwelling;Жилище;0;маленький круг
11;POI_BIG;DARK_GRAY_BIG_CIRCLE;2;pois;place=region;Регион;0;большой круг
11;POI_BIG;DARK_GRAY_BIG_CIRCLE;2;pois;place=county;Округ;0;большой круг
11;POI_BIG;DARK_GRAY_BIG_CIRCLE;2;pois;place=locality;Местность;0;большой круг
13;POI_SMALL;DARK_GRAY_CIRCLE;0;pois;amenity=police;Полиция;1;щит
13;POI_SMALL;DARK_GRAY_CIRCLE;0;pois;amenity=fire_station;Пожарная часть;1;щит
14;POI_SMALL;DARK_GRAY_CIRCLE;0;pois;amenity=marketplace;Рынок;1;тележка
15;POI_SMALL;DARK_GRAY_CIRCLE;0;pois;amenity=pharmacy;Аптека;1;крест
15;POI_SMALL;DARK_GRAY_CIRCLE;0;pois;amenity=hospital;Больница;1;крест
15;POI_SMALL;DARK_GRAY_CIRCLE;0;pois;amenity=clinic;Клиника;1;крест
15;POI_SMALL;DARK_GRAY_CIRCLE;0;pois;amenity=doctors;Врачебный кабинет;1;крест
12;POI_SMALL;DARK_GRAY_CIRCLE;0;pois;leisure=park;Парк;0;маленький круг
16;POI_SMALL;DARK_GRAY_CIRCLE;0;pois;amenity=restaurant;Ресторан;1;вилка и нож
16;POI_SMALL;DARK_GRAY_CIRCLE;0;pois;amenity=fast_food;Фастфуд;1;вилка и нож
16;POI_SMALL;DARK_GRAY_CIRCLE;0;pois;amenity=cafe;Кафе;1;вилка и нож
32;POI_SMALL;DARK_GRAY_CIRCLE;0;pois;amenity=pub;Паб;1;кружка
32;POI_SMALL;DARK_GRAY_CIRCLE;0;pois;amenity=bar;Бар;1;кружка
16;POI_SMALL;DARK_GRAY_CIRCLE;0;pois;amenity=food_court;Фуд-корт;1;вилка и нож
32;POI_SMALL;DARK_GRAY_CIRCLE;0;pois;amenity=biergarten;Пивной сад;0;кружка
17;POI_SMALL;DARK_GRAY_CIRCLE;1;pois;tourism=hotel;Отель;1;домик
17;POI_SMALL;DARK_GRAY_CIRCLE;1;pois;tourism=motel;Мотель;1;домик
17;POI_SMALL;DARK_GRAY_CIRCLE;1;pois;tourism=bed_and_breakfast;Мини-гостиница (B&B);1;домик
17;POI_SMALL;DARK_GRAY_CIRCLE;1;pois;tourism=guest_house;Гостевой дом;1;домик
17;POI_SMALL;DARK_GRAY_CIRCLE;1;pois;tourism=hostel;Хостел;1;домик
17;POI_SMALL;DARK_GRAY_CIRCLE;0;pois;tourism=chalet;Шале;0;домик
18;POI_SMALL;DARK_GRAY_CIRCLE;1;pois;shelter_type=lean_to;Укрытие;1;палатка
18;POI_SMALL;DARK_GRAY_CIRCLE;1;pois;shelter_type=picnic_shelter;Укрытие;1;палатка
18;POI_SMALL;DARK_GRAY_CIRCLE;1;pois;shelter_type=basic_hut;Укрытие;1;палатка
18;POI_SMALL;DARK_GRAY_CIRCLE;1;pois;shelter_type=weather_shelter;Укрытие;1;палатка
18;POI_SMALL;DARK_GRAY_CIRCLE;0;pois;amenity=shelter;Укрытие;0;палатка
18;POI_SMALL;DARK_GRAY_CIRCLE;1;pois;tourism=camp_site;Кемпинг;1;палатка
17;POI_SMALL;DARK_GRAY_CIRCLE;1;pois;tourism=alpine_hut;Альпийский домик;1;домик
17;POI_SMALL;DARK_GRAY_CIRCLE;1;pois;tourism=wilderness_hut;Лесная избушка;1;домик
18;POI_SMALL;DARK_GRAY_CIRCLE;1;pois;tourism=caravan_site;Стоянка автодомов;1;палатка
14;POI_SMALL;DARK_GRAY_CIRCLE;0;pois;shop=supermarket;Супермаркет;1;тележка
14;POI_SMALL;DARK_GRAY_CIRCLE;0;pois;shop=bakery;Пекарня;1;тележка
14;POI_SMALL;DARK_GRAY_CIRCLE;0;pois;shop=kiosk;Киоск;0;тележка
14;POI_SMALL;DARK_GRAY_CIRCLE;0;pois;shop=mall;Торговый центр;1;тележка
14;POI_SMALL;DARK_GRAY_CIRCLE;0;pois;shop=department_store;Универмаг;1;тележка
14;POI_SMALL;DARK_GRAY_CIRCLE;0;pois;shop=general;Универсальный магазин;1;тележка
14;POI_SMALL;DARK_GRAY_CIRCLE;0;pois;shop=convenience;Минимаркет;1;тележка
19;POI_SMALL;DARK_GRAY_CIRCLE;0;pois;shop=clothes;Магазин одежды;1;футболка
14;POI_SMALL;DARK_GRAY_CIRCLE;0;pois;shop=florist;Цветочный магазин;0;тележка
14;POI_SMALL;DARK_GRAY_CIRCLE;0;pois;shop=chemist;Магазин косметики;0;тележка
14;POI_SMALL;DARK_GRAY_CIRCLE;0;pois;shop=books;Книжный магазин;0;тележка
14;POI_SMALL;DARK_GRAY_CIRCLE;0;pois;shop=butcher;Мясная лавка;1;тележка
19;POI_SMALL;DARK_GRAY_CIRCLE;0;pois;shop=shoes;Обувной магазин;1;футболка
14;POI_SMALL;DARK_GRAY_CIRCLE;0;pois;shop=beverages;Магазин напитков;0;тележка
14;POI_SMALL;DARK_GRAY_CIRCLE;0;pois;shop=alcohol;Алкомаркет;0;тележка
14;POI_SMALL;DARK_GRAY_CIRCLE;0;pois;shop=optician;Оптика;0;тележка
14;POI_SMALL;DARK_GRAY_CIRCLE;0;pois;shop=jewelry;Ювелирный магазин;0;тележка
14;POI_SMALL;DARK_GRAY_CIRCLE;0;pois;shop=gift;Магазин подарков;0;тележка
20;POI_SMALL;DARK_GRAY_CIRCLE;0;pois;shop=sports;Спортивный магазин;1;штанга
14;POI_SMALL;DARK_GRAY_CIRCLE;0;pois;shop=stationery;Канцтовары;0;тележка
20;POI_SMALL;DARK_GRAY_CIRCLE;0;pois;shop=outdoor;Товары для туризма;1;штанга
21;POI_SMALL;DARK_GRAY_CIRCLE;0;pois;shop=mobile_phone;Салон связи;1;компьютер
14;POI_SMALL;DARK_GRAY_CIRCLE;0;pois;shop=toys;Магазин игрушек;0;тележка
14;POI_SMALL;DARK_GRAY_CIRCLE;0;pois;shop=newsagent;Газетный киоск;0;тележка
14;POI_SMALL;DARK_GRAY_CIRCLE;0;pois;shop=greengrocer;Овощная лавка;1;тележка
14;POI_SMALL;DARK_GRAY_CIRCLE;0;pois;shop=beauty;Салон красоты;0;тележка
14;POI_SMALL;DARK_GRAY_CIRCLE;0;pois;shop=video;Видеомагазин;0;тележка
14;POI_SMALL;DARK_GRAY_CIRCLE;0;pois;shop=car;Автосалон;0;тележка
22;POI_SMALL;DARK_GRAY_CIRCLE;0;pois;shop=bicycle;Веломагазин;1;велосипед
23;POI_SMALL;DARK_GRAY_CIRCLE;0;pois;shop=doityourself;Строительный магазин;1;молоток
23;POI_SMALL;DARK_GRAY_CIRCLE;0;pois;shop=hardware;Хозмаг;1;молоток
14;POI_SMALL;DARK_GRAY_CIRCLE;0;pois;shop=furniture;Мебельный магазин;0;тележка
21;POI_SMALL;DARK_GRAY_CIRCLE;0;pois;shop=computer;Компьютерный магазин;1;компьютер
14;POI_SMALL;DARK_GRAY_CIRCLE;0;pois;shop=garden_centre;Садовый центр;0;тележка
14;POI_SMALL;DARK_GRAY_CIRCLE;0;pois;shop=hairdresser;Парикмахерская;0;ромб
23;POI_SMALL;DARK_GRAY_CIRCLE;0;pois;shop=car_repair;Автосервис;1;молоток
14;POI_SMALL;DARK_GRAY_CIRCLE;0;pois;amenity=car_rental;Прокат авто;0;ромб
14;POI_SMALL;DARK_GRAY_CIRCLE;0;pois;amenity=car_wash;Автомойка;0;ромб
14;POI_SMALL;DARK_GRAY_CIRCLE;0;pois;amenity=car_sharing;Каршеринг;0;ромб
22;POI_SMALL;DARK_GRAY_CIRCLE;0;pois;amenity=bicycle_rental;Прокат велосипедов;0;велосипед
14;POI_SMALL;DARK_GRAY_CIRCLE;0;pois;shop=travel_agency;Турагентство;0;тележка
14;POI_SMALL;DARK_GRAY_CIRCLE;0;pois;shop=laundry;Прачечная;0;тележка
14;POI_SMALL;DARK_GRAY_CIRCLE;0;pois;shop=dry_cleaning;Химчистка;0;тележка
14;POI_SMALL;DARK_GRAY_CIRCLE;0;pois;amenity=vending_machine;Торговый автомат;1;тележка
24;POI_SMALL;DARK_GRAY_CIRCLE;0;pois;amenity=bank;Банк;1;доллар
24;POI_SMALL;DARK_GRAY_CIRCLE;0;pois;amenity=atm;Банкомат;1;доллар
24;POI_SMALL;DARK_GRAY_CIRCLE;0;pois;tourism=information;Инфо для туристов;0;крепость
24;POI_SMALL;DARK_GRAY_CIRCLE;0;pois;tourism=attraction;Достопримечательность;1;крепость
24;POI_SMALL;DARK_GRAY_CIRCLE;0;pois;tourism=museum;Музей;0;крепость
24;POI_SMALL;DARK_GRAY_CIRCLE;0;pois;historic=monument;Памятник;1;крепость
24;POI_SMALL;DARK_GRAY_CIRCLE;0;pois;historic=memorial;Мемориал;1;крепость
24;POI_SMALL;DARK_GRAY_CIRCLE;0;pois;tourism=artwork;Искусство;1;крепость
24;POI_SMALL;DARK_GRAY_CIRCLE;0;pois;historic=castle;Замок;1;крепость
24;POI_SMALL;DARK_GRAY_CIRCLE;0;pois;historic=ruins;Руины;1;крепость
24;POI_SMALL;DARK_GRAY_CIRCLE;0;pois;historic=archaeological_site;Археологический объект;1;крепость
24;POI_SMALL;DARK_GRAY_CIRCLE;0;pois;historic=wayside_cross;Придорожный крест;0;крепость
24;POI_SMALL;DARK_GRAY_CIRCLE;0;pois;historic=wayside_shrine;Часовня;0;крепость
24;POI_SMALL;DARK_GRAY_CIRCLE;0;pois;historic=battlefield;Поле битвы;0;крепость
24;POI_SMALL;DARK_GRAY_CIRCLE;0;pois;historic=fort;Форт;1;крепость
18;POI_SMALL;DARK_GRAY_CIRCLE;0;pois;tourism=picnic_site;Место для пикника;1;палатка
24;POI_SMALL;DARK_GRAY_CIRCLE;0;pois;tourism=viewpoint;Смотровая площадка;1;крепость
24;POI_SMALL;DARK_GRAY_CIRCLE;0;pois;tourism=zoo;Зоопарк;0;крепость
24;POI_SMALL;DARK_GRAY_CIRCLE;0;pois;tourism=theme_park;Парк развлечений;0;крепость
25;POI_SMALL;DARK_GRAY_CIRCLE;0;pois;amenity=toilets;Туалет;1;человек
26;POI_SMALL;DARK_GRAY_CIRCLE;0;pois;amenity=drinking_water;Питьевая вода;1;капля
24;POI_SMALL;DARK_GRAY_CIRCLE;0;pois;man_made=lighthouse;Маяк;1;крепость
26;POI_SMALL;DARK_GRAY_CIRCLE;0;pois;man_made=water_well;Колодец;1;капля
24;POI_SMALL;DARK_GRAY_CIRCLE;0;pois;man_made=watermill;Водяная мельница;0;крепость
24;POI_SMALL;DARK_GRAY_CIRCLE;0;pois;amenity=place_of_worship;Культовое сооружение;1;крепость
26;POI_SMALL;DARK_GRAY_CIRCLE;0;pois;natural=spring;Родник;1;капля
24;POI_SMALL;DARK_GRAY_CIRCLE;0;pois;natural=glacier;Ледник;0;крепость
24;POI_SMALL;DARK_GRAY_CIRCLE;0;pois;natural=peak;Вершина;0;крепость
24;POI_SMALL;DARK_GRAY_CIRCLE;0;pois;natural=cliff;Утес;0;крепость
24;POI_SMALL;DARK_GRAY_CIRCLE;0;pois;natural=volcano;Вулкан;1;крепость
24;POI_SMALL;DARK_GRAY_CIRCLE;0;pois;natural=cave_entrance;Вход в пещеру;0;крепость
27;POI_SMALL;DARK_GRAY_CIRCLE;0;pois;natural=beach;Пляж;0;ромб
27;POI_SMALL;DARK_GRAY_CIRCLE;0;pois;highway=ford;Брод;1;ромб
28;POI_SMALL;DARK_GRAY_CIRCLE;0;pois;amenity=fuel;АЗС;1;автозаправка
27;POI_SMALL;DARK_GRAY_CIRCLE;0;pois;highway=services;Служебный проезд;0;ромб
27;POI_SMALL;DARK_GRAY_CIRCLE;0;pois;amenity=parking;Парковка;0;ромб
22;POI_SMALL;DARK_GRAY_CIRCLE;0;pois;amenity=bicycle_repair_station;Ремонт велосипедов;1;велосипед
24;POI_SMALL;DARK_GRAY_CIRCLE;0;pois;waterway=waterfall;Водопад;1;крепость
29;POI_SMALL;DARK_GRAY_CIRCLE;0;pois;railway=station;Ж/д станция;1;автомобиль
29;POI_SMALL;DARK_GRAY_CIRCLE;0;pois;railway=halt;Ж/д платформа;1;автомобиль
29;POI_SMALL;DARK_GRAY_CIRCLE;0;pois;railway=tram_stop;Трамвайная остановка;0;автомобиль
29;POI_SMALL;DARK_GRAY_CIRCLE;0;pois;highway=bus_stop;Автобусная остановка;0;автомобиль
29;POI_SMALL;DARK_GRAY_CIRCLE;0;pois;amenity=bus_station;Автовокзал;1;автомобиль
30;POI_SMALL;DARK_GRAY_CIRCLE;0;pois;amenity=taxi;Стоянка такси;0;автомобиль
29;POI_SMALL;DARK_GRAY_CIRCLE;0;pois;amenity=airport;Аэропорт;1;самолёт
29;POI_SMALL;DARK_GRAY_CIRCLE;0;pois;aeroway=aerodrome;Аэродром;0;самолёт
29;POI_SMALL;DARK_GRAY_CIRCLE;0;pois;aeroway=airfield;Летное поле;0;автомобиль
29;POI_SMALL;DARK_GRAY_CIRCLE;0;pois;aeroway=helipad;Вертолетная площадка;0;автомобиль
29;POI_SMALL;DARK_GRAY_CIRCLE;0;pois;aeroway=apron;Перрон;0;автомобиль
29;POI_SMALL;DARK_GRAY_CIRCLE;0;pois;amenity=ferry_terminal;Паромный терминал;1;автомобиль
29;POI_SMALL;DARK_GRAY_CIRCLE;0;pois;aerialway=station;Станция канатной дороги;0;автомобиль
30;POI_SMALL;DARK_GRAY_CIRCLE;0;pois;amenity=shower;Душ;1;душ
31;POI_SMALL;DARK_GRAY_CIRCLE;0;pois;natural=saddle;Перевал;1;ромб
24;POI_SMALL;DARK_GRAY_CIRCLE;0;pois;natural=hot_spring;Горячий источник;1;крепость
18;POI_SMALL;DARK_GRAY_CIRCLE;0;pois;highway=rest_area;Зона отдыха;1;палатка